BEGIN;

INSERT INTO rol (uuid, name) VALUES
    ('b0000000-0000-0000-0000-000000000001', 'user'),
    ('b0000000-0000-0000-0000-000000000002', 'admin'),
    ('b0000000-0000-0000-0000-000000000003', 'super_admin');

INSERT INTO permissions (uuid, name_action) VALUES
    ('c0000000-0000-0000-0000-000000000001', 'manage_own_profile'),
    ('c0000000-0000-0000-0000-000000000002', 'manage_cities'),
    ('c0000000-0000-0000-0000-000000000003', 'manage_own_terminal_platforms'),
    ('c0000000-0000-0000-0000-000000000004', 'promote_demote_admin'),
    ('c0000000-0000-0000-0000-000000000005', 'manage_terminals'),
    ('c0000000-0000-0000-0000-000000000006', 'manage_all_platforms'),
    ('c0000000-0000-0000-0000-000000000007', 'promote_demote_super_admin');

INSERT INTO rol_permissions (rol_id, permissions_id) VALUES
    ('b0000000-0000-0000-0000-000000000001', 'c0000000-0000-0000-0000-000000000001'),

    ('b0000000-0000-0000-0000-000000000002', 'c0000000-0000-0000-0000-000000000001'),
    ('b0000000-0000-0000-0000-000000000002', 'c0000000-0000-0000-0000-000000000002'),
    ('b0000000-0000-0000-0000-000000000002', 'c0000000-0000-0000-0000-000000000003'),
    ('b0000000-0000-0000-0000-000000000002', 'c0000000-0000-0000-0000-000000000004'),

    ('b0000000-0000-0000-0000-000000000003', 'c0000000-0000-0000-0000-000000000001'),
    ('b0000000-0000-0000-0000-000000000003', 'c0000000-0000-0000-0000-000000000002'),
    ('b0000000-0000-0000-0000-000000000003', 'c0000000-0000-0000-0000-000000000003'),
    ('b0000000-0000-0000-0000-000000000003', 'c0000000-0000-0000-0000-000000000004'),
    ('b0000000-0000-0000-0000-000000000003', 'c0000000-0000-0000-0000-000000000005'),
    ('b0000000-0000-0000-0000-000000000003', 'c0000000-0000-0000-0000-000000000006'),
    ('b0000000-0000-0000-0000-000000000003', 'c0000000-0000-0000-0000-000000000007');

COMMIT;
